<?xml version="1.0" encoding="UTF-8" standalone="yes"?>
<vizmap documentVersion="3.0" id="VizMap-2018_04_13-20_41">
    <visualStyle name="CTL Disease Compound Network">
        <network>
            <visualProperty name="NETWORK_BACKGROUND_PAINT" default="#FFFFFF"/>
            <visualProperty name="NETWORK_EDGE_SELECTION" default="true"/>
            <visualProperty name="NETWORK_DEPTH" default="0.0"/>
            <visualProperty name="NETWORK_CENTER_X_LOCATION" default="0.0"/>
            <visualProperty name="NETWORK_NODE_SELECTION" default="true"/>
            <visualProperty name="NETWORK_CENTER_Y_LOCATION" default="0.0"/>
            <visualProperty name="NETWORK_TITLE" default=""/>
            <visualProperty name="NETWORK_SCALE_FACTOR" default="1.0"/>
            <visualProperty name="NETWORK_CENTER_Z_LOCATION" default="0.0"/>
            <visualProperty name="NETWORK_HEIGHT" default="400.0"/>
            <visualProperty name="NETWORK_WIDTH" default="550.0"/>
        </network>
        <node>
            <dependency name="nodeCustomGraphicsSizeSync" value="false"/>
            <dependency name="nodeSizeLocked" value="true"/>
            <visualProperty name="NODE_Z_LOCATION" default="0.0"/>
            <visualProperty name="NODE_BORDER_STROKE" default="SOLID"/>
            <visualProperty name="NODE_CUSTOMGRAPHICS_SIZE_2" default="0.0"/>
            <visualProperty name="NODE_CUSTOMGRAPHICS_4" default="org.cytoscape.ding.customgraphics.NullCustomGraphics,0,[ Remove Graphics ],"/>
            <visualProperty name="NODE_CUSTOMGRAPHICS_1" default="org.cytoscape.ding.customgraphics.NullCustomGraphics,0,[ Remove Graphics ],"/>
            <visualProperty name="NODE_LABEL_COLOR" default="#000000"/>
            <visualProperty name="NODE_Y_LOCATION" default="0.0"/>
            <visualProperty name="NODE_CUSTOMGRAPHICS_3" default="org.cytoscape.ding.customgraphics.NullCustomGraphics,0,[ Remove Graphics ],"/>
            <visualProperty name="NODE_LABEL_FONT_FACE" default="SansSerif.plain,plain,12"/>
            <visualProperty name="NODE_X_LOCATION" default="0.0"/>
            <visualProperty name="NODE_LABEL_TRANSPARENCY" default="255"/>
            <visualProperty name="NODE_CUSTOMGRAPHICS_SIZE_5" default="0.0"/>
            <visualProperty name="NODE_WIDTH" default="60.0"/>
            <visualProperty name="NODE_TRANSPARENCY" default="255"/>
            <visualProperty name="COMPOUND_NODE_PADDING" default="10.0"/>
            <visualProperty name="NODE_SELECTED" default="false"/>
            <visualProperty name="NODE_CUSTOMGRAPHICS_POSITION_2" default="C,C,c,0.00,0.00"/>
            <visualProperty name="NODE_HEIGHT" default="40.0"/>
            <visualProperty name="NODE_CUSTOMGRAPHICS_6" default="org.cytoscape.ding.customgraphics.NullCustomGraphics,0,[ Remove Graphics ],"/>
            <visualProperty name="NODE_TOOLTIP" default=""/>
            <visualProperty name="NODE_CUSTOMGRAPHICS_POSITION_8" default="C,C,c,0.00,0.00"/>
            <visualProperty name="NODE_LABEL_FONT_SIZE" default="12"/>
            <visualProperty name="NODE_BORDER_TRANSPARENCY" default="255"/>
            <visualProperty name="NODE_CUSTOMGRAPHICS_SIZE_6" default="0.0"/>
            <visualProperty name="NODE_LABEL_WIDTH" default="200.0"/>
            <visualProperty name="NODE_LABEL_POSITION" default="C,C,c,0.00,0.00"/>
            <visualProperty name="NODE_CUSTOMGRAPHICS_POSITION_9" default="C,C,c,0.00,0.00"/>
            <visualProperty name="NODE_CUSTOMGRAPHICS_POSITION_1" default="C,C,c,0.00,0.00"/>
            <visualProperty name="NODE_SHAPE" default="ELLIPSE">
                <discreteMapping attributeType="string" attributeName="CTL.Type">
                    <discreteMappingEntry value="OCTAGON" attributeValue="disease"/>
                    <discreteMappingEntry value="DIAMOND" attributeValue="compound"/>
                </discreteMapping>
            </visualProperty>
            <visualProperty name="NODE_CUSTOMGRAPHICS_2" default="org.cytoscape.ding.customgraphics.NullCustomGraphics,0,[ Remove Graphics ],"/>
            <visualProperty name="NODE_CUSTOMGRAPHICS_SIZE_4" default="0.0"/>
            <visualProperty name="NODE_CUSTOMGRAPHICS_SIZE_9" default="0.0"/>
            <visualProperty name="NODE_CUSTOMGRAPHICS_8" default="org.cytoscape.ding.customgraphics.NullCustomGraphics,0,[ Remove Graphics ],"/>
            <visualProperty name="NODE_CUSTOMGRAPHICS_SIZE_8" default="0.0"/>
            <visualProperty name="NODE_BORDER_PAINT" default="#000000"/>
            <visualProperty name="NODE_DEPTH" default="0.0"/>
            <visualProperty name="NODE_BORDER_WIDTH" default="2.0"/>
            <visualProperty name="NODE_CUSTOMGRAPHICS_5" default="org.cytoscape.ding.customgraphics.NullCustomGraphics,0,[ Remove Graphics ],"/>
            <visualProperty name="NODE_NESTED_NETWORK_IMAGE_VISIBLE" default="true"/>
            <visualProperty name="NODE_VISIBLE" default="true"/>
            <visualProperty name="NODE_CUSTOMGRAPHICS_POSITION_3" default="C,C,c,0.00,0.00"/>
            <visualProperty name="NODE_FILL_COLOR" default="#D3D3D3">
                <discreteMapping attributeType="string" attributeName="CTL.Type">
                    <discreteMappingEntry value="#5D90C7" attributeValue="transcriptionFactor"/>
                    <discreteMappingEntry value="#5D90C7" attributeValue="TF"/>
                    <discreteMappingEntry value="#906FA8" attributeValue="process"/>
                    <discreteMappingEntry value="#5D90C7" attributeValue="disease"/>
                    <discreteMappingEntry value="#D3D3D3" attributeValue="initial"/>
                    <discreteMappingEntry value="#7CBFB6" attributeValue="gene"/>
                    <discreteMappingEntry value="#7CBFB6" attributeValue="protein"/>
                    <discreteMappingEntry value="#F5CA2E" attributeValue="microRNA"/>
                    <discreteMappingEntry value="#906FA8" attributeValue="pathway"/>
                    <discreteMappingEntry value="#CC85B1" attributeValue="compound"/>
                    <discreteMappingEntry value="#7CBFB6" attributeValue="target"/>
                    <discreteMappingEntry value="#CC85B1" attributeValue="drug"/>
                </discreteMapping>
            </visualProperty>
            <visualProperty name="NODE_CUSTOMGRAPHICS_POSITION_5" default="C,C,c,0.00,0.00"/>
            <visualProperty name="NODE_SELECTED_PAINT" default="#FFFF00"/>
            <visualProperty name="NODE_CUSTOMGRAPHICS_SIZE_7" default="0.0"/>
            <visualProperty name="NODE_CUSTOMGRAPHICS_POSITION_4" default="C,C,c,0.00,0.00"/>
            <visualProperty name="NODE_CUSTOMGRAPHICS_POSITION_6" default="C,C,c,0.00,0.00"/>
            <visualProperty name="NODE_CUSTOMGRAPHICS_7" default="org.cytoscape.ding.customgraphics.NullCustomGraphics,0,[ Remove Graphics ],"/>
            <visualProperty name="NODE_LABEL" default="">
                <passthroughMapping attributeType="string" attributeName="display name"/>
            </visualProperty>
            <visualProperty name="NODE_CUSTOMGRAPHICS_POSITION_7" default="C,C,c,0.00,0.00"/>
            <visualProperty name="COMPOUND_NODE_SHAPE" default="ROUND_RECTANGLE"/>
            <visualProperty name="NODE_CUSTOMGRAPHICS_SIZE_3" default="0.0"/>
            <visualProperty name="NODE_CUSTOMGRAPHICS_SIZE_1" default="0.0"/>
            <visualProperty name="NODE_CUSTOMGRAPHICS_9" default="org.cytoscape.ding.customgraphics.NullCustomGraphics,0,[ Remove Graphics ],"/>
        </node>
        <edge>
            <dependency name="arrowColorMatchesEdge" value="false"/>
            <visualProperty name="EDGE_LABEL_WIDTH" default="200.0"/>
            <visualProperty name="EDGE_TOOLTIP" default=""/>
            <visualProperty name="EDGE_LABEL_TRANSPARENCY" default="255"/>
            <visualProperty name="EDGE_BEND"/>
            <visualProperty name="EDGE_LABEL_FONT_FACE" default="SansSerif.plain,plain,10"/>
            <visualProperty name="EDGE_TARGET_ARROW_UNSELECTED_PAINT" default="#000000"/>
            <visualProperty name="EDGE_TRANSPARENCY" default="255"/>
            <visualProperty name="EDGE_TARGET_ARROW_SELECTED_PAINT" default="#FFFF00"/>
            <visualProperty name="EDGE_LABEL_COLOR" default="#000000"/>
            <visualProperty name="EDGE_VISIBLE" default="true"/>
            <visualProperty name="EDGE_CURVED" default="true"/>
            <visualProperty name="EDGE_SOURCE_ARROW_SELECTED_PAINT" default="#FFFF00"/>
            <visualProperty name="EDGE_TARGET_ARROW_SIZE" default="6.0"/>
            <visualProperty name="EDGE_WIDTH" default="1.0"/>
            <visualProperty name="EDGE_SELECTED" default="false"/>
            <visualProperty name="EDGE_LABEL_FONT_SIZE" default="10"/>
            <visualProperty name="EDGE_SOURCE_ARROW_SIZE" default="6.0"/>
            <visualProperty name="EDGE_LABEL" default=""/>
            <visualProperty name="EDGE_STROKE_SELECTED_PAINT" default="#FF0000"/>
            <visualProperty name="EDGE_SOURCE_ARROW_SHAPE" default="NONE"/>
            <visualProperty name="EDGE_STROKE_UNSELECTED_PAINT" default="#404040">
                <discreteMapping attributeType="string" attributeName="CTL.LinkSet">
                    <discreteMappingEntry value="#6A3D9A" attributeValue="Manually curated subset for rare diseases from OMIM_Homo sapiens_01-2018"/>
                    <discreteMappingEntry value="#E31A1C" attributeValue="ChEMBL (pChEMBL &gt; 6)_Homo sapiens_0.1"/>
                </discreteMapping>
            </visualProperty>
            <visualProperty name="EDGE_SOURCE_ARROW_UNSELECTED_PAINT" default="#000000"/>
            <visualProperty name="EDGE_LINE_TYPE" default="SOLID"/>
            <visualProperty name="EDGE_TARGET_ARROW_SHAPE" default="NONE">
                <discreteMapping attributeType="string" attributeName="CTL.LinkSet">
                    <discreteMappingEntry value="CIRCLE" attributeValue="pp"/>
                    <discreteMappingEntry value="T" attributeValue="Line, TBar"/>
                    <discreteMappingEntry value="ARROW" attributeValue="Manually curated subset for rare diseases from OMIM_Homo sapiens_01-2018"/>
                    <discreteMappingEntry value="ARROW" attributeValue="ChEMBL (pChEMBL &gt; 6)_Homo sapiens_0.1"/>
                    <discreteMappingEntry value="ARROW" attributeValue="interaction"/>
                    <discreteMappingEntry value="ARROW" attributeValue="Line, Arrow"/>
                    <discreteMappingEntry value="NONE" attributeValue="group-connection"/>
                </discreteMapping>
            </visualProperty>
        </edge>
    </visualStyle>
</vizmap>
